{
  "hash": "c13dbc54",
  "configHash": "7a273d7a",
  "lockfileHash": "1c1e4d0c",
  "browserHash": "de339fa6",
  "optimized": {
    "@angular/common/http": {
      "src": "../../../../../node_modules/@angular/common/fesm2022/http.mjs",
      "file": "@angular_common_http.js",
      "fileHash": "a72edfeb",
      "needsInterop": false
    },
    "@angular/core": {
      "src": "../../../../../node_modules/@angular/core/fesm2022/core.mjs",
      "file": "@angular_core.js",
      "fileHash": "af1f7735",
      "needsInterop": false
    },
    "@angular/platform-browser": {
      "src": "../../../../../node_modules/@angular/platform-browser/fesm2022/platform-browser.mjs",
      "file": "@angular_platform-browser.js",
      "fileHash": "0c528953",
      "needsInterop": false
    },
    "@angular/router": {
      "src": "../../../../../node_modules/@angular/router/fesm2022/router.mjs",
      "file": "@angular_router.js",
      "fileHash": "f83daadf",
      "needsInterop": false
    },
    "@angular/service-worker": {
      "src": "../../../../../node_modules/@angular/service-worker/fesm2022/service-worker.mjs",
      "file": "@angular_service-worker.js",
      "fileHash": "06b9b90a",
      "needsInterop": false
    },
    "@angular/forms": {
      "src": "../../../../../node_modules/@angular/forms/fesm2022/forms.mjs",
      "file": "@angular_forms.js",
      "fileHash": "e768f85f",
      "needsInterop": false
    },
    "@angular/common": {
      "src": "../../../../../node_modules/@angular/common/fesm2022/common.mjs",
      "file": "@angular_common.js",
      "fileHash": "c5da9635",
      "needsInterop": false
    }
  },
  "chunks": {
    "chunk-4BJDIUMN": {
      "file": "chunk-4BJDIUMN.js"
    },
    "chunk-4YOMYCNI": {
      "file": "chunk-4YOMYCNI.js"
    },
    "chunk-LASQONJ6": {
      "file": "chunk-LASQONJ6.js"
    },
    "chunk-ZR4TOH6D": {
      "file": "chunk-ZR4TOH6D.js"
    }
  }
}